中文名,英文名,类别,说明,最大用量,desc1,desc2,文件名,文件存在
绿色草,Green grass,地形,,4,4块紧挨的绿色草组成的草丛。,正适合小型宝可梦藏身。,grass.png,✓
大树（任意）,Tree,地形,,1,树荫下的草丛，白天也很凉爽。,宝可梦说不定会过来休息片刻。,tree.png,✓
大石头,Boulder,地形,,1,巨大岩石阴影里的草丛。,非常适合捉迷藏。,boulder.png,✓
水,Water,地形,,3,生长在水边的小草丛。,总是水灵灵的，生机勃勃。,water.png,✓
海水,Sea,地形,,2,在含有盐分的水边也能预强生长的草丛。,能缓解海边的炎热。,sea.png,✓
高处,Hill,地形,,1,生长在高处，环境十分凉爽。,一阵阵风直吹进草丛深处。,hill.png,✓
草（任意）,Grass,地形,,4,微光照射下的草丛。,柔和的光线会引来宝可梦。,grass.png,✓
照明（任意）,Lighting,设施,,1,微光照射下的草丛。,柔和的光线会引来宝可梦。,lighting.png,
草地的花,Flower,地形,,8,缘草地的花组成的美丽花田。,弥漫着一股淡淡的甜香。,flower.png,✓
墓碑,Tombstone,户外,靈魂安息的地方。幽靈屬性的實可夢應該會很開心。,1,柔和而华美的氛围，睡在墓中的宝可梦也会开心吧。,幽静的墓前摆着蜡烛和盘子有一点点惊悚的氛围。,tombstone.png,
花篱（任意）,Hedge,地形,,6,为繁花盛开的花日加上花篱，一下就成了一个小庭园。,花篱旁的长椅。,hedge.png,✓
菜田（任意）,Vegetable field,户外,,8,广阔的田里种植着蔬菜。,喜欢农活的宝可梦可能会前来。,vegetable-field.png,
火堆,Campfire,户外,收集樹枝搭建的火堆。只要點燃火焰，就會溫暖地照亮四周。,3,3个火维加热后的空气悠然飘向高空。,融入自然的露营组合。,campfire.png,✓
干草桌子,Straw table,家具,雖然美其名是桌子，其實只是把大石板放在乾草上而已。,1,融入自然的露营组合。,宝可梦们也会在火堆前取暖。,straw-table.png,✓
干草凳子,Straw stool,家具,大小正好適合小隻的寶可夢坐下。,1,融入自然的露营组合。,宝可梦们也会在火堆前取暖。,straw-stool.png,✓
椅子（任意）,Chair,家具,,2,瀑布的冲打会让身心振奋。,喜欧锻炼的宝可梦可能会来。,chair.png,
瀑布,Waterfall,地形,,1,瀑布的冲打会让身心振奋。,喜欧锻炼的宝可梦可能会来。,waterfall.png,
桌子（任意）,Table,家具,,2,椅子和桌子，再摆上一个盘子。,肚子饿的宝可梦说不定会过来。,table.png,
装盘的食物,Plated food,食物,,1,椅子和桌子，再摆上一个盘子。,肚子饿的宝可梦说不定会过来。,plated-food.png,
野餐篮,Picnic basket,素材,把食物放進裡面吧。肚子餓的寶可夢可能會來吃。,1,在桌上放个野餐篮，感觉就像在野餐样。,,picnic-basket.png,✓
单枝花瓶,Single flower vase,素材,插著可愛花朵的花瓶。擺放在各種地方，為生活增添色彩吧。,1,桌上摆着花瓶。,宝可梦或许也会坐在椅子上赏花。,single-flower-vase.png,
椅子（长）,Long bench,家具,,2,花篱旁的长椅。,宝可梦也能感受着自然稍作歇息。,long-bench.png,
路灯（任意）,Street lamp,设施,,1,柔和灯光下的椅子。,宝可梦说不定会被光亮吸引过来。,street-lamp.png,
沙袋,Sandbag,户外,裡面塞著滿滿的沙子，非常沉重。正適合用來練習拳擊或踢腿。,1,在激烈的训练后，宝可梦们也会坐在椅子上休息。,宝可梦们也会随着节拍兴致勃勃地锻。,sandbag.png,
急救箱,First aid kit,素材,裝了許多處理傷口用的。藥物和器具的箱子。,1,受伤时要立即进行应急处理。,擅长疗愈的宝可梦说不定会来帮忙。,first-aid-kit.png,✓
沙装,Sand pile,地形,,1,如果运动时受伤了，宝可梦们也会用急救箱进行应急处理。,,sand-pile.png,
箭头指示牌,Arrow sign,户外,雖然上面寫著推薦的菜單。但寶可夢們應該看不懂。,1,孤零零地立在路中央的牌子。,宝可梦或许会朝着箭头方向前进。,arrow-sign.png,✓
木板路,Wooden path,地形,,3,孤零零地立在路中央的牌子。,宝可梦或许会朝着箭头方向前进。,wooden-path.png,✓
平板货车,Flatbed cart,户外,車斗很寛，即使是大一點的東西。感覺也放得上去。,1,宽宽的大容量货车，可以装下2个大木箱。,把用货车运来的圆木放在木桩上，劈成柴火。,flatbed-cart.png,
木箱,Wooden crate,户外,不知道該怎麼打開的箱子。如果只是在上面放東西，似乎是沒問題。,2,宽宽的大容量货车，可以装下2个大木箱。,高高的岩石周围长满了产藓。,wooden-crate.png,✓
圆木椅子,Log chair,家具,可以坐在圓木上休息一下。說不定寶可夢們也會來休息。,1,把用货车运来的圆木放在木桩上，劈成柴火。,累了的话，就坐在椅子上休息一下吧。,log-chair.png,✓
树桩（任意）,Tree stump,地形,,1,把用货车运来的圆木放在木桩上，劈成柴火。,累了的话，就坐在椅子上休息一下吧。,tree-stump.png,
圆大桌,Round table,家具,,1,把用货车运来的圆木放在木桩上，劈成柴火。,累了的话，就坐在椅子上休息一下吧。,round-table.png,
床铺（任意）,Bed,家具,,1,援着可爱布偶的床铺。,小型宝可梦应该能安心入睡。,bed.png,
玩偶（任意）,Plushie,装饰,,1,援着可爱布偶的床铺。,小型宝可梦应该能安心入睡。,plushie.png,
细长蜡烛,Thin candle,户外,點燃後，鮮紅的火焰搖曳晃動。因為體積小，感覺也能放在桌上。,2,笼罩着柔和灯光的床铺。,宝可梦们应该能放松地入睡。,thin-candle.png,
诡异的蜡烛,Eerie candle,户外,點燃後會有藍色火焰「呼……」地亮起。因為體積小，似乎也可以放在桌子上。,2,给墓地的蜡烛点上火，蓝色的火焰轻轻摇曳，诡异气氛加倍。,,eerie-candle.png,✓
吉利蛋植栽,Chansey planter,户外,就像是隻吉利蛋的樹。看著看著，心情似乎就會變柔和。,1,在吉利蛋的看护下休息片刻。,是个可以放松身心的疗愈空间。,chansey-planter.png,
大食花瓶,Victreebel vase,素材,花瓶的粉紅色瓶口就像是寶可夢的嘴巴。散發著一股淡淡的甜香。,1,或许会有宝可梦被磨菇的光亮和花瓶的香味吸引来。,,victreebel-vase.png,
蘑菇台灯,Mushroom lamp,设施,蘑菇的柔和光芒。會一直照亮著周圍。,2,或许会有宝可梦被磨菇的光亮和花瓶的香味吸引来。,建在花田中的舞台。,mushroom-lamp.png,✓
充气船,Inflatable boat,户外,無論是把它當作床躺在上面。還是讓它漂在水上，感覺都不錯。,1,如果在充气船上玩累了，就剧遮阳企下休息一下吧。,,inflatable-boat.png,✓
沙滩遮阳伞,Beach umbrella,户外,只要擺放在沙灘。就能擋住灼熱刺眼的陽光。,1,如果在充气船上玩累了，就剧遮阳企下休息一下吧。,躺在遮阳企下，尽享南国风情。,beach-umbrella.png,
枯萎的绿色草,Withered grass,地形,,4,因为干千的神奇岩石的力量而失去生机的草丛。,,withered-grass.png,
沙沙岩石,Sandy rock,户外,觸感乾爽的神奇岩石。擺放後，會讓大片範圍變乾燥。,1,因为干千的神奇岩石的力量而失去生机的草丛。,,sandy-rock.png,
控制盘,Control panel,素材,雖然有各式各樣的開關。但似乎沒有一個會反應。,1,试着给巨大的机器接好电线，但操作后也没有反应……。,,control-panel.png,
金属桶,Metal barrel,户外,毫無髒污，十分光滑的鐵圓桶。裡面什麼都沒有，所以相當輕。,1,试着给巨大的机器接好电线，但操作后也没有反应……。,很万害的设施。,metal-barrel.png,
乱缠电线,Tangled wires,素材,雜亂地纏在一起。沒辦法解開。,1,试着给巨大的机器接好电线，但操作后也没有反应……。,只要不断研究，说不定能变得像巨蔓藤博士那样博学多识。,tangled-wires.png,
木巢箱,Wooden nest box,户外,裡面裝了蓬松乾草的巢箱。看來鳥寶可夢可以過得很舒服。,1,鸟宝可梦似乎会吃着各种树果，在巢箱里休想。,鸟宝可梦会满怀期待地飞来享用盘子上的食物。,wooden-nest-box.png,
树果野餐篮,Berry picnic basket,素材,裝滿了樹果的野餐籃。排一排，就像是商店一樣。,1,鸟宝可梦似乎会吃着各种树果，在巢箱里休想。,在晴空下生起营火。,berry-picnic-basket.png,
晴雨飘浮泡泡（晴）,Sunny float bubble,装饰,,2,在晴空下生起营火。,准者各种美食，尽情享受吧。,sunny-float-bubble.png,
营火,Bonfire,户外,點燃正中央的木材。就會溫暖地照亮廣大範圍。,1,在晴空下生起营火。,准者各种美食，尽情享受吧。,bonfire.png,✓
晴雨飘浮泡泡（雨）,Rainy float bubble,装饰,,2,摆放食物的盘子和能联想到雨的物品，这里一应俱全。,,rainy-float-bubble.png,
博士的宝物,Professor's treasure,道具,,1,看上去像一堆废品，但对博士来说都值得研究。,,professor-s-treasure.png,
遗失物（大）,Lost item (large),装饰,,4,看上去像一堆废品，但对博士来说都值得研究。,只要放在展示台上，任何东西看起来都像珍宝。,lost-item-large.png,
圆木床铺,Log Bed,家具,收集小圓木製成的床鋪。木頭香味環繞中似乎能睡得很熟。,1,木材打造的家具琳琅满目。,仿佛置身于山间小屋。,log-bed.png,
圆木桌,Log table,家具,即使只是裁切圆木之後打磨，也會變成一張有模有様的桌子。,1,木材打造的家具琳琅满目。,仿佛置身于山间小屋。,log-table.png,✓
树果造型椅,Berry chair,家具,擺放在地上，就像是個埋住的蘋野果。葉子的部分是椅背。,1,桌子和床铺都是树果图案。,感觉一直盯着看肚子会饿。,berry-chair.png,✓
树果造型床,Berry bed,家具,大大的桃桃果造型床。柔軟又有彈性，睡起來非常舒服。,1,桌子和床铺都是树果图案。,感觉一直盯着看肚子会饿。,berry-bed.png,✓
树果造型桌,Berry table,家具,大大的利木果造型桌子。看起來很像真的，感覺會想要大口咬下。,1,桌子和床铺都是树果图案。,感觉一直盯着看肚子会饿。,berry-table.png,✓
树果桌灯,Berry lamp,设施,用玻璃打造的莓莓果。打開電源後，水藍色的光就會照亮四周。,1,桌子和床铺都是树果图案。,感觉一直盯着看肚子会饿。,berry-lamp.png,
庭园椅子,Garden chair,家具,適合放在庭院的椅子。坐在上面似乎能享受優雅的心情。,1,欣赏着柔和光线下的花，坐在庭园椅子上休息片刻吧。,,garden-chair.png,✓
庭园灯,Garden lamp,设施,適合擺放在庭院的燈具。在夜晚也會將花朵照得很美。,1,欣赏着柔和光线下的花，坐在庭园椅子上休息片刻吧。,,garden-lamp.png,
庭园桌子,Garden table,家具,時尚的桌子。和庭園椅子成套擺放，感覺很不错。,1,欣赏着柔和光线下的花，坐在庭园椅子上休息片刻吧。,,garden-table.png,✓
瞌睡床铺,Naptime bed,家具,在卡比獸的肚子上休息。因為太舒服了，讓人想一直睡下去。,1,其他宝可梦可能会误以为有只睡觉的卡比兽而靠近过来。,,naptime-bed.png,✓
古董衣柜,Antique closet,家具,又穩又重的大衣櫥。把各種東西都收進去吧。,1,被古董家具环绕，享受复古的气息吧。,,antique-closet.png,
古董床铺,Antique bed,家具,有種熟悉的感覺，散發著舒適氛圍的床鋪。毛毯的觸感很柔順。,1,被古董家具环绕，享受复古的气息吧。,,antique-bed.png,✓
古董梳妆台,Antique dresser,家具,在鏡子前變身成不同的模樣。完美搭配好全身的造型吧。,1,被古董家具环绕，享受复古的气息吧。,,antique-dresser.png,✓
古董椅子,Antique Chair,家具,圖案復古而富有魅力的椅子。椅面相當蓬松。,1,被古董家具环绕，享受复古的气息吧。,,antique-chair.png,
精灵球沙发,Poké Ball Sofa,家具,坐進打開的精靈球裡看看吧。寬度足以讓兩個人一起坐喔。,1,本以为全是精灵球，却意外成为了舒适的生活空间。,,pok-ball-sofa.png,✓
精灵球造型床,Poké Ball bed,家具,大尺寸的床鋪。大型寶可夢應該也能躺上去。,1,本以为全是精灵球，却意外成为了舒适的生活空间。,,pok-ball-bed.png,✓
精灵球桌子,Poké Ball table,家具,精靈球造型的圓桌子。桌面很大，似乎可以放很多東西。,1,本以为全是精灵球，却意外成为了舒适的生活空间。,,pok-ball-table.png,✓
精灵球灯,Poké Ball lamp,设施,通電後就會亮起紅色、白色光芒的霓虹燈。放在桌子上似乎也不錯。,1,本以为全是精灵球，却意外成为了舒适的生活空间。,,pok-ball-lamp.png,
黄色草,Yellow grass,地形,,4,由黄色草组成的小草丛。,在港口城镇很常见。,yellow-grass.png,
泥水,Muddy water,地形,,2,生长在沼泽中的小草丛。,也有宝可梦用它擦去身上的泥巴。,muddy-water.png,
自动售货机,Vending machine,户外,通電就會啪地亮起。裡面好像還有商品。,1,在黄色的草丛中矗立的自动售货机。,就算在野外，补水也完全没问题。,vending-machine.png,✓
海边的花,Beach flower,地形,,4,谷海边的花组成的清爽花田。,沁人心脾的芬芳会引来宝可梦。,beach-flower.png,
大椰子树,Large coconut tree,地形,,1,椰子树下盛开着·台海边的花。,四周弥漫着热带风情十足的芬芳。,large-coconut-tree.png,
风力发电机,Wind generator,设施,,1,清风拂过，花田充满凉爽的气息。,风车将花香送往远方。,wind-generator.png,
沙滩椅,Beach chair,家具,大方地躺在上面休息片刻。搭配沙灘遮陽傘成套使用，感覺很不錯。,1,椰子树代替遮阳伞，宝可梦也会在沙滩椅上小憩。,躺在遮阳企下，尽享南国风情。,beach-chair.png,✓
纸箱,Cardboard box,素材,非常輕的紙箱。裡面似乎沒装任何東西。,2,空纸箱和松软的稻草床，选择睡哪边似乎会根据喜好分成两派。,散落一地的玩具和纸箱。,cardboard-box.png,
干草床,Straw bed,家具,雖然有點刺刺的。但寶可夢依然能夠不在乎地呼呼大睡。,1,空纸箱和松软的稻草床，选择睡哪边似乎会根据喜好分成两派。,,straw-bed.png,✓
玩具（任意）,Toy,装饰,,2,散落一地的玩具和纸箱。,才刚收拾好，就又乱了。,toy.png,
垃圾桶（任意）,Trash can,家具,,1,大家的垃圾全都集中在这里。,可能会有宝可梦跑来翻找垃圾。,trash-can.png,
牌子（任意）,Sign,装饰,,1,大家的垃圾全都集中在这里。,可能会有宝可梦跑来翻找垃圾。,sign.png,✓
垃圾袋,Trash bag,户外,隨處可見的普通垃圾袋。對一些寶可夢來說具有難以抵抗的香味。,2,大家的垃圾全都集中在这里。,可能会有宝可梦跑来翻找垃圾。,trash-bag.png,
垃圾桶,Trash can,户外,是個相當大的垃圾桶。感覺連寶可夢都能整隻躲進去。,4,为防止乱去垃圾而摆放了很多垃圾桶。,偶你也会有宝可梦待在里面。,trash-can.png,
电线杆,Utility pole,设施,連上發電機使用吧。只要連上電線桿，就能把電輸送到遠方。,1,扬在电线杆下的垃圾：周国稍稍有些臭。,,utility-pole.png,✓
菜单立牌,Menu board,户外,雖然上面寫著推薦的菜單。但寶可夢們應該看不懂。,1,桌上摆着餐盘：连菜单都有，简直像餐厅一样、。,一边欣赏植物，一边享受下午茶。,menu-board.png,✓
雅致椅子,Chic chair,家具,充滿高級感的迷你沙發。軟綿綿的，坐感絕佳。,2,用推车慢慢送来料理。,援上桌后，就可以开始用餐了。,chic-chair.png,✓
雅致桌子,Chic table,家具,感覺會出現在高級餐廳的桌子。非常適合擺上豪華料理。,1,用推车慢慢送来料理。,援上桌后，就可以开始用餐了。,chic-table.png,✓
推车,Push cart,家具,和桌子一様高的推車。試著在上面擺放食物等東西吧。,1,用推车慢慢送来料理。,援上桌后，就可以开始用餐了。,push-cart.png,✓
植栽（任意）,Potted plant,装饰,,2,一边欣赏植物，一边享受下午茶。,宝可梦们应该也能在这里放松身心。,potted-plant.png,
柜台面,Counter,家具,連結得越多，就變得越長的櫃台。在中間做個轉角感覺也不錯。,2,一边欣赏植物，一边享受下午茶。,宝可梦们应该也能在这里放松身心。,counter.png,✓
马克杯,Mug,素材,設計簡約，看起來很好用的馬克杯。換個顏色感覺也不錯。,1,一边欣赏植物，一边享受下午茶。,宝可梦们应该也能在这里放松身心。,mug.png,✓
边桌,Side table,家具,帶來凉爽印象的邊桌。擺放在夏日躺椅旁似乎也不錯。,1,躺在遮阳企下，尽享南国风情。,宝可梦们说不定也会躺在这里休息。,side-table.png,✓
聚光灯,Spotlight,设施,通電後就會啪滋～地亮起。照亮眼前的東西。,2,炫日灯光照耀下的舞台：喜欧出风头的宝可梦应该会现身。,聚光灯伴随着太鼓的节奏，打开惊吓箱的紧张感也达到了顶峰。,spotlight.png,✓
舞台,Stage,户外,站上去跳支舞吧！通電後，還會亮起燈光。,1,炫日灯光照耀下的舞台：喜欧出风头的宝可梦应该会现身。,登上专属的舞台，来唱歌吧！,stage.png,
气球,Balloon,素材,色彩活潑繽紛的氣球。遇到非常微小的風也會晃動。,2,被气球包围的新潮盒子里面装了什公？,打开有惊喜。,balloon.png,
惊吓箱,Jack-in-the-box,素材,一打開箱子。就會有耿鬼從裡面跳出來！,1,被气球包围的新潮盒子里面装了什公？,打开有惊喜。,jack-in-the-box.png,
雷丘招牌,Raichu sign,户外,通電後，霓虹燈就會閃閃發光。燈管呈現了雷丘正在放電的圖案。,1,即便到了夜晚，庆典的入口依然被缤纷的霓虹灯照得闪闪发光。,,raichu-sign.png,✓
衣柜（任意）,Wardrobe,家具,,1,换好衣服后，到镜子前检查全身。,在这里变成理想中的模样。,wardrobe.png,
镜子（大）,Large mirror,家具,,1,换好衣服后，到镜子前检查全身。,在这里变成理想中的模样。,large-mirror.png,✓
屏风（任意）,Folding screen,装饰,,2,立起屏风遮住视线，好在打扮的时候不被看到。,,folding-screen.png,
梳妆台（任意）,Dresser,家具,,1,立起屏风遮住视线，好在打扮的时候不被看到。,让肌肤滋润水润，妆容似乎就会比平时更完美。,dresser.png,
编织套组,Knitting set,素材,用來編織帽子或毛衣的道具。寶可夢對圓滾滾的毛線球會充滿興趣。,1,用柔软的毛线做的手工艺品，宝可梦们也非常感兴趣。,,knitting-set.png,
花洒,Watering can,素材,設計簡約的蓮蓬頭。擺在浴缸旁邊，浴室就完成了。,1,先在冲洗区洗干净身体后再去泡温泉吧。,说不定宝可梦们也正在泡哦。,watering-can.png,
温泉,Hot spring,地形,,2,先在冲洗区洗干净身体后再去泡温泉吧。,说不定宝可梦们也正在泡哦。,hot-spring.png,
自然风储物柜,Plain chest,家具,設計簡約的櫃子。可以收納持有物。,1,治病最好的方法就是睡觉。,说不定会有喜爱照顾的宝可梦前来。,plain-chest.png,✓
闹钟,Alarm clock,素材,按下去會有很大的聲音迴響。感覺會因為嚇到就不自覺醒來。,1,只要在床边放上闹钟，就不用担心起不来了。,,alarm-clock.png,✓
街机,Arcade machine,素材,曾經位在某個設施的遊戲機。乾乾淨凈，就像是新的一樣。似乎還能啟動。,2,玩过街机之后，就用拳击机活动身体吧。,并排坐好后，对战游戏就开始了。,arcade-machine.png,✓
拳击机,Boxing machine,素材,測量拳撃威力的機器。握緊拳頭，使勁地擊打吧。,1,玩过街机之后，就用拳击机活动身体吧。,只要放上观叶植物，朴素的储物间也会变成清爽的氛围。,boxing-machine.png,
水力发电机,Water generator,地形,,1,很万害的设施。,能用瀑布倾泻而下的水流产生电力。,water-generator.png,
火力发电机,Fire generator,设施,,1,很万害的设施。,加入燃料就能靠火的力量发电。,fire-generator.png,
栈桥,Pier,地形,,4,海边的小小码头。,正在游泳的宝可梦说不定也会顺道过来。,pier.png,
书架,Bookshelf,素材,書本擺得五顏六色的書架。大到看起來還能擺好多本書。,2,点上蜡烛来读书吧到了夜晚，气氛会变得有些诡异。,光是拿起铅笔坐在桌前，就感觉自己好像变聪明了些。,bookshelf.png,
雅致沙发,Chic sofa,家具,有高級感的沙發。跟放在聖特安努號上的家具非常像。,1,点上蜡烛来读书吧到了夜晚，气氛会变得有些诡异。,,chic-sofa.png,✓
自然桌子,Plain table,家具,,1,点上蜡烛来读书吧到了夜晚，气氛会变得有些诡异。,简约却安稳的空间宝可梦们也可以过上舒适的生活。,plain-table.png,✓
木桶,Wooden barrel,户外,裡面什麼都沒裝的空桶子。在上面擺東西感覺也很不錯。,2,站在舵前或大炮后，感觉就像成为了船员。,在货物摆放处躲起来偷吃东西。,wooden-barrel.png,
船舵,Ship wheel,素材,用來操縱船的方向盤。碰一下就會轉個不停。,1,站在舵前或大炮后，感觉就像成为了船员。,,ship-wheel.png,
发射筒,Launch tube,户外,把煙火彈或專長是「爆炸」的寶可夢。放進裡面後，點火看看吧。,2,站在舵前或大炮后，感觉就像成为了船员。,,launch-tube.png,
收银机,Cash register,设施,保持通電的狀態擺放在桌子上。就會有寶可夢前來進行「交易」。,1,在桌上放个收银机，通上电，转眼间店铺就开张了。,给收银台通上电，即使在大自然中也可以和大家进行交易。,cash-register.png,✓
画布,Canvas,装饰,,1,坐在椅子上凝视画布，感觉会涌出灵感。,,canvas.png,
供品台,Offering stand,素材,在台面擺放食物，作為獻給苔卡比獸的貢品吧。,1,如果把食物放在盘子里，食量大的宝可梦应该会很高兴。,,offering-stand.png,
皮卡丘沙发,Pikachu sofa,家具,椅背上有張皮卡丘的臉，存在感十足。背面還有一根尾巴稍微突出來。,1,沙发和玩偶都是皮卡丘的模样。,说不定会有宝可梦以为是真的而前来。,pikachu-sofa.png,✓
皮卡丘玩偶,Pikachu plushie,素材,給飄飄球看看吧。說不定牠會帶你去夢島呢。,1,沙发和玩偶都是皮卡丘的模样。,说不定会有宝可梦以为是真的而前来。,pikachu-plushie.png,
可爱的沙发,Cute sofa,家具,可愛又有點優雅的沙發。椅背的形狀就像是寶可夢的翅膀.。,1,被可爱的东西包围，感觉自己仿佛就是公主。,,cute-sofa.png,✓
可爱的桌子,Cute table,家具,褶邊和蕾絲相當可愛。隱約地散發著妖精屬性的氛圍。,1,被可爱的东西包围，感觉自己仿佛就是公主。,,cute-table.png,✓
可爱的灯,Cute lamp,设施,當作擺飾也很可愛的燈。打開電源後，中央的愛心就會亮起來。,1,被可爱的东西包围，感觉自己仿佛就是公主。,,cute-lamp.png,✓
可爱的床,Cute bed,家具,,1,被可爱的东西包围，感觉自己仿佛就是公主。,,cute-bed.png,✓
可爱的梳妆台,Cute dresser,家具,在鏡子前變身成不同的模樣。完美搭配好全身的造型吧。,1,被可爱的东西包围，感觉自己仿佛就是公主。,,cute-dresser.png,✓
度假风沙发,Resort sofa,家具,坐下來就佛置身南國。在沙發上悠哉度過吧。,1,在沙发或品床上躺下休息，感觉就像自己成为了名流。,,resort-sofa.png,✓
度假风桌子,Resort table,家具,這材質無論被水打濕，還是被風吹襲都不怕。因此放在戶外也不必擔心。,1,在沙发或品床上躺下休息，感觉就像自己成为了名流。,,resort-table.png,✓
度假风吊床,Resort hammock,家具,躺在上面吹風相當舒服。能睡得寬敞的吊床。,1,在沙发或品床上躺下休息，感觉就像自己成为了名流。,,resort-hammock.png,✓
度假风灯,Resort lamp,设施,造型像是繩子纏在一起的燈具。以柔和的光芒營造出時尚的氛圍。,1,在沙发或品床上躺下休息，感觉就像自己成为了名流。,,resort-lamp.png,
自然风床铺,Plain bed,家具,設計簡約的床。看起來適合各種房間。,1,简约却安稳的空间宝可梦们也可以过上舒适的生活。,,plain-bed.png,✓
自然风沙发,Plain sofa,家具,如果看到型可夢坐在上。就坐到牠旁邊看看吧。.。,1,简约却安稳的空间宝可梦们也可以过上舒适的生活。,,plain-sofa.png,✓
自然风台灯,Plain lamp,设施,通電後就會亮起溫暖光芒。照亮四周。,1,简约却安稳的空间宝可梦们也可以过上舒适的生活。,,plain-lamp.png,✓
红色草,Red grass,地形,,4,红色的草组成的小草丛。,在山间很常见。,red-grass.png,
三角树,Triangle tree,地形,,1,望着高高的三角树，在草丛中背靠岩石休息片刻。,费岩地的花散发出优雅的香气，轻柔地弥漫在四周。,triangle-tree.png,
沙包,Sand bag,户外,裡面裝著土和沙子的布袋。沉甸甸的，看起來很重。,2,装着土的袋子可以代替亚铃。,感觉喜欢锻炼的宝可梦会来。,sand-bag.png,
岩地的花,Rock flower,地形,,4,优雅美丽的花田，开满了费岩地的花。,费岩地的花散发出优雅的香气，轻柔地弥漫在四周。,rock-flower.png,
手推车,Hand cart,户外,装著土堆的手推車。在工地應該很常見。,1,日里的蔬菜正在中壮成长：偶尔换换土，补充营养吧。,作业工具旁放着巨大的炉子。,hand-cart.png,
浮萍,Duckweed,地形,,4,可以在浮萍上行走，也可以跟着它一起漂浮。,宁静的时光在水边流消。,duckweed.png,✓
苔藓,Moss,地形,,4,潮平平的，长满了苔藓。,正适合喜欢潮湿环境的宝可梦。,moss.png,✓
苔岩,Mossy rock,地形,,1,空气湿润，氛围宁静。,宝可梦们应该也能度过悠闲时光。,mossy-rock.png,
出水口,Water outlet,户外,放在暖呼呼的熱水附近。就會營造出溫泉般的氛圍。,1,宝可梦们也会一边泡温泉，一边享受美景。,泡一下热温泉，再泡一下冷水，就会感觉身体轻区又舒爽。,water-outlet.png,
水盆,Water basin,户外,在盆子裡儲水。讓寶可夢們能幫忙澆水吧。,1,泡一下热温泉，再泡一下冷水，就会感觉身体轻区又舒爽。,,water-basin.png,✓
热热岩,Hot rock,地形,,1,到处都是熔岩，非常热。,火居性的宝可梦难以抗拒。,hot-rock.png,
熔岩,Lava,地形,,2,到处都是熔岩，非常热。,火居性的宝可梦难以抗拒。,lava.png,
熔炉,Furnace,设施,能加工金屬等物品的爐。拜託專長是「點火」的寶可夢來幫忙吧。,1,作业工具旁放着巨大的炉子。,或许会有谁来生火。,furnace.png,
掘山道具,Dig tools,户外,雖然是看起來很堅固的鎬子和鏟子。但對會挖土的寶可夢來說則是破銅爛鐵。,1,作业工具旁放着巨大的炉子。,或许会有谁来生火。,dig-tools.png,
钢骨,Steel beam,素材,,3,钢架工程正在进行。,力气大的宝可梦好像会来帮忙。,steel-beam.png,
笋岩,Bamboo shoot rock,地形,,1,高高的岩石周围长满了产藓。,在提灯的光线下，显得有些阴森。,bamboo-shoot-rock.png,
提灯,Lantern,设施,通電後就會發出耀眼的光芒。只要有它，在昏暗的洞窟也能放心。,1,高高的岩石周围长满了产藓。,在提灯的光线下，显得有些阴森。,lantern.png,✓
桌子（大）,Large table,家具,,1,今天的主菜是什公？,敬请期待盖子打开的时刻吧。,large-table.png,
派对餐盘,Party plate,素材,用來装派對料理的盤子。在開派對之前，嚴禁偷吃。,4,今天的主菜是什公？,敬请期待盖子打开的时刻吧。,party-plate.png,
面包窑,Bread oven,设施,用來做包的廚具。拜託寶可夢來點火吧。,1,一边等面包出炉，一边准音配菜吧。,,bread-oven.png,✓
厨房桌子,Kitchen table,家具,髒污難以附著的光滑桌子。和水槽或爐子擺在一起感覺也很不錯。,1,洗好食材和碗碟，开火做料理。,今天做什公好?,kitchen-table.png,✓
炉灶,Stove,素材,簡約洗練的爐具。轉動旋鈕，火就會點燃。,1,洗好食材和碗碟，开火做料理。,今天做什公好?,stove.png,
平底锅（任意）,Frying pan,家具,,1,洗好食材和碗碟，开火做料理。,今天做什公好?,frying-pan.png,✓
水槽,Sink,素材,就連排水口都完美具備的水槽。轉動水龍頭，水就會流出來。,1,洗好食材和碗碟，开火做料理。,今天做什公好?,sink.png,✓
供餐柜台,Food counter,家具,適合在派對等場合擺放料理的櫃台。,1,食物和饮料都是自助式的。,和大家一起尽情享受吧。,food-counter.png,✓
派对杯,Party cup,素材,方便攜帶的紙杯。正適合在開派對時使用。,1,食物和饮料都是自助式的。,和大家一起尽情享受吧。,party-cup.png,
平板电脑,Tablet,素材,方便攜帶的終端設備。由於裝在硬殼裡面。即使掉落也不用擔心。,1,一手端着饮料，在平板电脑上悠闲地翻看照片吧。,,tablet.png,✓
木制栖杠,Wooden perch,家具,,1,说不定会有鸟宝可梦来到麦克风前展现动听的歌喉。,,wooden-perch.png,
立式麦克风,Standing microphone,素材,很適合放在舞台上的麥克風。站在它前面就會不由自主想唱歌。,1,说不定会有鸟宝可梦来到麦克风前展现动听的歌喉。,登上专属的舞台，来唱歌吧！,standing-microphone.png,
音箱,Speaker,设施,,2,登上专属的舞台，来唱歌吧！,放上大大的音响和电视，感觉就像是电影院。,speaker.png,✓
CD播放器,CD player,素材,用來播放音樂的機器。如果找到CD就放進去看看吧。,1,宝可梦们也会随着节拍兴致勃勃地锻。,边放音乐边看书，感觉能比平时更加放松。,cd-player.png,✓
CD架,CD rack,素材,擺放著CD的架子。似乎能展現對音樂的喜愛。,1,边放音乐边看书，感觉能比平时更加放松。,,cd-rack.png,✓
杂志柜,Magazine rack,素材,上面擺了各種雜誌，從週刊到寫真集都有。,1,边放音乐边看书，感觉能比平时更加放松。,,magazine-rack.png,✓
分隔物（任意）,Partition,装饰,,3,只要放在展示台上，任何东西看起来都像珍宝。,,partition.png,
台座／展示台,Display stand,装饰,,2,只要放在展示台上，任何东西看起来都像珍宝。,有些阴音的空间，仿佛会用来进行诡异的仪式。,display-stand.png,
办公室储物柜,Office locker,家具,連衣服都放得下的大型置物櫃。把各種東西都收納進去吧。,2,只要放上观叶植物，朴素的储物间也会变成清爽的氛围。,,office-locker.png,✓
月夜起舞像,Moonlight dance statue,装饰,,1,感觉很适合拍照的铜像。,3只宝可梦的可爱模样让大家着迷。,moonlight-dance-statue.png,
牌子,Sign,户外,以木頭製成的牌子。上面或許寫著重要的公告。,1,感觉很适合拍照的铜像。,3只宝可梦的可爱模样让大家着迷。,sign.png,✓
铁轨,Rail track,设施,鋪設鐵軌，建造出一條路吧。只要坐上採礦車，就能一口氣抵達另一端。,1,栏杆放下期间禁止通行。,宝可梦们也会停下来吗…。,rail-track.png,
道闸,Barrier gate,设施,黃黑相間的條紋很有特色。可作為上下礦車時的指引。,1,栏杆放下期间禁止通行。,宝可梦们也会停下来吗…。,barrier-gate.png,
时髦锅,Stylish pot,设施,用來煮湯的廚具。放在火堆或爐子上吧。,1,炉灶、水槽和厨具，厨师应该会喜欢这里的一切。,,stylish-pot.png,
砧板,Cutting board,设施,用來做沙拉的廚具。放上材料，開始下廚吧。,1,炉灶、水槽和厨具，厨师应该会喜欢这里的一切。,,cutting-board.png,✓
豪华立灯,Luxury floor lamp,设施,通電後就會亮起朦朧光芒。照亮四周。,1,援放的每件家具都是顶级精品，是个无比豪华的空间。,,luxury-floor-lamp.png,
豪华床铺,Luxury bed,家具,打造得很豪華的床。總覺得很像豪華球。,1,援放的每件家具都是顶级精品，是个无比豪华的空间。,,luxury-bed.png,✓
豪华沙发,Luxury sofa,家具,坐上去感覺非常松軟。簡直像飄在雲上一般。,1,援放的每件家具都是顶级精品，是个无比豪华的空间。,坐在软软的椅子上，背后是组织的标志，感觉就像自己成了老大。,luxury-sofa.png,✓
豪华桌子,Luxury table,家具,以大理石打造而成的豪華桌子。只要放在房間就會營造出典雅的空間。,1,援放的每件家具都是顶级精品，是个无比豪华的空间。,,luxury-table.png,✓
铁床铺,Iron bed,家具,寬度有點偏窄的床。十分堅固，能沉沉入睡。,1,沉稳的单色空间。,点灯后，气氛显得更加宁静。,iron-bed.png,✓
铁桌子,Iron table,家具,鐵製的桌子，設計簡約。和酷炫的房間應該會很搭。,1,沉稳的单色空间。,点灯后，气氛显得更加宁静。,iron-table.png,✓
铁椅子,Iron chair,家具,尺寸雖小，但相當結實。看起來不會隨隨便便就壞掉。,1,沉稳的单色空间。,点灯后，气氛显得更加宁静。,iron-chair.png,✓
工业风床铺,Industrial bed,家具,適合任何房間的寬敞床鋪。體型大的寶可夢也能睡。,1,简约又时尚。,摩登设计充满时髦的感觉。,industrial-bed.png,✓
工业风桌子,Industrial desk,家具,有美麗木紋的書桌。放在户外感覺也不錯。,1,简约又时尚。,摩登设计充满时髦的感觉。,industrial-desk.png,✓
工业风椅子,Industrial chair,家具,可以隨意擺放的圓椅子。腳是鐵製的，出乎意料地堅固。,1,简约又时尚。,摩登设计充满时髦的感觉。,industrial-chair.png,✓
粉红色草,Pink grass,地形,,4,粉红色的草组成的小草丛。,在空岛很常见。,pink-grass.png,
水泥管,Cement pipe,户外,連結得越多，就變得越長。就算窺看裡面，也是一片漆黑。,3,很久没有使用的水泥管：里面是空的，正适合当秘密基地。,,cement-pipe.png,
空岛的花,Sky island flower,地形,,4,可爱的花田，开满了毛营营的台空岛的花。,在凉爽的树荫下，台空岛的花也轻盈可爱地统放着。,sky-island-flower.png,
独木舟,Canoe,户外,划槳、繩索、水桶等。多種航海所需的東西都在上面。,1,宁静的时光在水边流消。,搭乘独木舟，悠闲地度过吧。,canoe.png,✓
踏脚石,Stepping stone,地形,,3,点上火，照亮通往瀑布的道路吧。,宝可梦们说不定也会来观赏瀑布。,stepping-stone.png,
火炬,Torch,户外,只要點燃火焰。就會緩緩地持續燃燒，照亮四周。,2,点上火，照亮通往瀑布的道路吧。,宝可梦们说不定也会来观赏瀑布。,torch.png,✓
精致花篱,Fancy hedge,地形,,1,舒适的巢箱和整齐的花篱。,仿佛能听到从哪里传来了鸟鸣。,fancy-hedge.png,
浴缸,Bathtub,素材,設計簡約的浴缸。在裡頭放好水，悠閒地泡個澡吧。,1,普通的浴室。,宝可梦们说不定也会来这里洗澡。,bathtub.png,✓
自行车,Bicycle,户外,看起來很高檔的折疊自行車。像新的一樣閃閃發亮。,1,把自行车停好，稍作休息。,偶尔也会有宝可梦躲在自动售货机后面。,bicycle.png,
石头壁炉,Stone fireplace,素材,相當大的壁爐。點火之後，周圍就會立刻暖和起來。,1,待在暖炉前，冻僵了的身体也会逐渐暖和起来。,,stone-fireplace.png,✓
简约靠枕,Simple cushion,家具,簡約好用的墊子。裡面塞滿了棉絮，坐上去軟綿綿的。,1,在水晶前念念有词，就可以驾驭无形的力量……也许吧。,,simple-cushion.png,
水晶球,Crystal ball,素材,用來占卜的巨大水晶球。如果超能力屬性的寶可夢一摸就會……,1,在水晶前念念有词，就可以驾驭无形的力量……也许吧。,用精神之力窥视水晶，或许能看见未来哦?,crystal-ball.png,✓
电视,TV,素材,從遠處也看得很清楚的大型電視。因為是輕薄型，搬運起來很輕鬆。,1,一台被丢在垃圾场的电视。,好像还能开机。,tv.png,
轮胎,Tire,户外,高高堆疊起來的輪胎。看起來隨時會垮下，沒想到卻不會垮下來。,1,可以法弃大件物品的垃圾场。,把不需要的家电放在这里吧。,tire.png,
微波炉,Microwave,素材,通電後就會亮起燈來。但似乎無法加熱東西。,1,可以法弃大件物品的垃圾场。,把不需要的家电放在这里吧。,microwave.png,
风速狗玩偶,Arcanine plushie,素材,給飄飄球看看吧。說不定牠會帶你去夢島呢。,1,正在和风速狗一起进行调查。,周围弥漫着紧张的气氛。,arcanine-plushie.png,
铁管椅子,Folding chair,家具,方便攜帶的鐵管椅子。排列擺放在活動會場等地方吧。,2,正在和风速狗一起进行调查。,周围弥漫着紧张的气氛。,folding-chair.png,✓
桌灯,Desk lamp,设施,設計簡約的燈具。擺放在桌上，似乎可以專心做事。,1,正在和风速狗一起进行调查。,周围弥漫着紧张的气氛。,desk-lamp.png,
铁管堆,Iron pipe stack,户外,像是會在工地見到。堆成一小堆的鐵管。,1,井盖正在维修检查闲杂人等请勿靠近。,施工现场同样需要大量电力。,iron-pipe-stack.png,
井盖,Manhole cover,户外,可以像門一樣整個打開來的人孔蓋。放在洞穴上也可以變成入口。,1,井盖正在维修检查闲杂人等请勿靠近。,,manhole-cover.png,
可连结式三角锥,Traffic cone,户外,排一排，就會連結起來。適合擺放在正在施工的地方。,1,井盖正在维修检查闲杂人等请勿靠近。,,traffic-cone.png,✓
壁挂毛巾,Wall towel,素材,掛在簡約把手上的毛巾。擺在洗手台旁邊感覺也不錯。,1,洗脸后用毛巾擦干，顿时神清气爽。,别志了照照镜子，检查一下仪容吧。,wall-towel.png,
壁挂镜,Wall mirror,家具,在鏡子前變身成不同的模樣。完美搭配好全身的造型吧。,1,洗脸后用毛巾擦干，顿时神清气爽。,别志了照照镜子，检查一下仪容吧。,wall-mirror.png,✓
洗手台,Washstand,素材,木製的時尚洗手台。轉開水龍頭，就會有水嘩啦啦地流下來。,1,洗脸后用毛巾擦干，顿时神清气爽。,别志了照照镜子，检查一下仪容吧。,washstand.png,
矮柜（任意）,Low cabinet,家具,,1,放上大大的音响和电视，感觉就像是电影院。,,low-cabinet.png,
笔筒,Pen holder,素材,裝滿鉛筆的筆筒。試著擺放在書桌上吧。,1,光是拿起铅笔坐在桌前，就感觉自己好像变聪明了些。,,pen-holder.png,
音符垫子（任意）,Music mat,设施,,4,在大电视上玩节奏游戏。,跟着节拍在热子上移动吧。,music-mat.png,
清洁套组,Cleaning set,素材,清潔劑、抹布和咩利羊的海綿。有了這些，就能成為清潔大師。,1,在咩利羊海绵上挤满清洁剂，把浴缸擦得亮晶晶吧。,,cleaning-set.png,
加湿器,Humidifier,素材,造型圓潤有特色的加濕器。開啟後能提升四周的滋潤度。,1,让肌肤滋润水润，妆容似乎就会比平时更完美。,,humidifier.png,✓
脚踏凳,Straw stool,素材,想拿取高處的東西時可以使用的腳凳。站上去試試看吧。,1,只要把灯点亮，即便在夜晚也能仔细寻找书本。,摆放日资料和闲置物品的地方。,straw-stool.png,✓
照明（任意),Lighting,设施,,1,只要把灯点亮，即便在夜晚也能仔细寻找书本。,,lighting.png,
滑梯,Slide,户外,公園不可或缺的遊樂器材。非常龐大，存在感尤其強烈。,1,大大的滑梯和各种玩具，不知道该玩哪个才好。,比起巨大的滑梯，不知为何轮胎更加抢眼。,slide.png,✓
办公桌,Office desk,家具,辦公室常使用的桌子。抽履鎖住了，打不開。,1,坐在办公椅上，劈里啪啦地打字。,累了就喝杯饮料休息一下吧。,office-desk.png,✓
笔记本电脑,Laptop,素材,方便攜帶的輕薄筆記型電腦。試著把照片顯示在螢幕上吧。,1,坐在办公椅上，劈里啪啦地打字。,累了就喝杯饮料休息一下吧。,laptop.png,✓
办公室椅子,Office chair,家具,和緩的曲線貼合著身體。即使長時間坐著應該也不會累。,1,坐在办公椅上，劈里啪啦地打字。,累了就喝杯饮料休息一下吧。,office-chair.png,✓
办公室架子,Office shelf,家具,塞著滿满的文件，看起來是無法再放東西進去了。,1,摆放日资料和闲置物品的地方。,偶尔会有宝可梦不小心跑进来。,office-shelf.png,✓
实验套组,Lab set,素材,藥品、檢查儀器與報告用紙。實驗已經準備就緒了。,1,可以进行大量实验的空间。,或许还保留着谁的研究记录。,lab-set.png,
显微镜,Microscope,素材,在化學實驗室或研究所很常見的顯微鏡。是做實驗時的必需品。,1,可以进行大量实验的空间。,或许还保留着谁的研究记录。,microscope.png,✓
论文,Research paper,素材,白紙上寫滿了密密麻麻的小字。還畫有彩色圈形。,1,可以进行大量实验的空间。,或许还保留着谁的研究记录。,research-paper.png,
白板,Whiteboard,素材,看起來像是會出現在研究室的白板。上面排滿文字與便條紙。,1,只要不断研究，说不定能变得像巨蔓藤博士那样博学多识。,,whiteboard.png,✓
台式电脑,Desktop computer,素材,感覺會出現在研究室的電腦。上頭四處都貼著便條紙。,1,研究的主题是宝可梦与科学。,数据已经录入电脑中。,desktop-computer.png,
杂柜,Misc cabinet,家具,,1,谁都可以自由翻阅摆放在这里的报纸和杂态。,,misc-cabinet.png,
报纸,Newspaper,素材,上面滿是密密麻麻的小字。不知道是寫著些什麼。,1,谁都可以自由翻阅摆放在这里的报纸和杂态。,,newspaper.png,✓
大鼓,Bass drum,素材,非常氣派的大鼓。咚咚咚地敲，心情就會暢快無比。,1,聚光灯伴随着太鼓的节奏，打开惊吓箱的紧张感也达到了顶峰。,,bass-drum.png,
贴地开关,Floor switch,设施,安裝在地面的開關。踩上去之後，四周的東西就會流暢運作。,1,惊虾箱旁显眼的开关。,是否要按，中你决定。,floor-switch.png,✓
露脸立牌,Face cutout board,户外,把臉放在立牌的洞口。變成正電拍拍和負電拍拍吧。,1,作为登上高处的纪念，把验对准板子的洞口拍张照吧。,,face-cutout-board.png,
跳轮胎,Tire hop,户外,在公園等地方會有的遊樂器材。擺在地面上之後。就跳過它玩玩吧。,2,比起巨大的滑梯，不知为何轮胎更加抢眼。,用各种轮胎来玩要吧。,tire-hop.png,
脚手架,Scaffolding,设施,,2,施工现场同样需要大量电力。,把多余的木材用作燃料吧。,scaffolding.png,
挂轴,Hanging scroll,素材,運筆相當了得的書法。掛在牆上會有種莊重的氛圍。,2,要是领悟了武道精神，说不定连沉重的岩石都能搬动。,,hanging-scroll.png,✓
怪力岩,Machamp rock,地形,,2,要是领悟了武道精神，说不定连沉重的岩石都能搬动。,,machamp-rock.png,
火箭队挂饰,Team Rocket decoration,装饰,,1,坐在软软的椅子上，背后是组织的标志，感觉就像自己成了老大。,,team-rocket-decoration.png,
篝火,Campfire,户外,點火之後就會轟地燃起。照亮四周。,9,9个等火轻轻摇曳，四周弥漫着神秘的气息、。,有些阴音的空间，仿佛会用来进行诡异的仪式。,campfire.png,✓
快龙玩偶,Dragonite plushie,素材,給飄飄球看看吧。說不定牠會帶你去夢島呢。,1,虽然摆放的全是布偶，但或许会有宝可梦误以为是真的。,,dragonite-plushie.png,
伊布玩偶,Eevee plushie,素材,給飄飄球看看吧。說不定牠會帶你去夢島呢。,1,虽然摆放的全是布偶，但或许会有宝可梦误以为是真的。,,eevee-plushie.png,
电竞床,Gaming bed,家具,酷炫有型的床。打開電源後。還能營造出充滿科技感的氛圍。,1,非常适合玩游戏的舒适空间。,坐在椅子上，沉浸在游戏世界中吧。,gaming-bed.png,✓
电竞电脑,Gaming PC,素材,連耳機麥克風也一應俱全的電腦套組。通電後就可以在螢幕上顯示照片。,1,非常适合玩游戏的舒适空间。,坐在椅子上，沉浸在游戏世界中吧。,gaming-pc.png,✓
电竞冰箱,Gaming fridge,家具,有點冰凉的櫃子。冰屬性的寶可夢應該會喜。,1,非常适合玩游戏的舒适空间。,坐在椅子上，沉浸在游戏世界中吧。,gaming-fridge.png,✓
电竞椅,Gaming chair,家具,有大大的椅背和軟墊。就算長時間坐著應該也很舒服。,1,非常适合玩游戏的舒适空间。,坐在椅子上，沉浸在游戏世界中吧。,gaming-chair.png,✓
新潮床铺,Pop art bed,家具,躺下來就像是身在膠囊裡面。床墊也軟綿綿的，應該可以睡得很熟。,1,被新潮又多彩的家具包围，感觉心情都会变得雀跃起来。,,pop-art-bed.png,✓
新潮沙发,Pop art sofa,家具,造型看起來很柔軟的沙發。整體曲線圓滑，相當可愛。,1,被新潮又多彩的家具包围，感觉心情都会变得雀跃起来。,,pop-art-sofa.png,✓
新潮桌子,Pop art table,家具,帶有光澤的圓桌。差不多跟多邊獸Ⅱ一樣光滑。,1,被新潮又多彩的家具包围，感觉心情都会变得雀跃起来。,,pop-art-table.png,✓
钓竿,Fishing rod,户外,釣寶可夢時的必需品。擺放在水邊後，慢慢地等候看看吧。,1,垂下的线耐心等待，水属性的宝可梦说不定会过来。,在大海也来享受重约的乐趣吧。,fishing-rod.png,✓
酷炫电吉他,Cool electric guitar,素材,裝了神奇琴弦的酷炫吉他。拿在手上，似乎就能讓心情嗨起來。,1,弹起劲爆的吉他，高调激昂的表演就要开始。,,cool-electric-guitar.png,✓
酷炫电贝斯,Cool electric bass,素材,装了神奇琴弦的酷炫貝斯。拿在手上，似乎就能讓心情沉下去。,1,弹起低沉的贝斯，低调沉稳的表演就要开始。,,cool-electric-bass.png,
咒术之铠,Curse armor,素材,從鎧甲碎片製造的沉重鎧甲。其中秘藏著詛咒的情感。,1,有些阴音的空间，仿佛会用来进行诡异的仪式。,,curse-armor.png,
庆祝之铠,Celebration armor,素材,從鎧甲碎片製造的沉重鎧甲。其中秘藏著祝福的情感。,1,有些神秘的空间，仿佛会用来进行诡异的仪式。,,celebration-armor.png,
飞翼化石（头）,Aerodactyl fossil (head),化石,,1,展示着古代宝可梦的化石。,是天空王者气派的骨架。,aerodactyl-fossil-head.png,
飞翼化石（右翼）,Aerodactyl fossil (right wing),化石,,1,展示着古代宝可梦的化石。,是天空王者气派的骨架。,aerodactyl-fossil-right-wing.png,
飞翼化石（左翼）,Aerodactyl fossil (left wing),化石,,1,展示着古代宝可梦的化石。,是天空王者气派的骨架。,aerodactyl-fossil-left-wing.png,
飞翼化石（身体）,Aerodactyl fossil (body),化石,,1,展示着古代宝可梦的化石。,是天空王者气派的骨架。,aerodactyl-fossil-body.png,
飞翼化石（尾巴）,Aerodactyl fossil (tail),化石,,1,展示着古代宝可梦的化石。,是天空王者气派的骨架。,aerodactyl-fossil-tail.png,
头盖化石,Cranidos fossil,化石,,1,展示着古代宝可梦的化石。,是犹如铁一般坚硬的头盖骨。,cranidos-fossil.png,
头锤化石（头）,Rampardos fossil (head),化石,,1,展示着古代宝可梦的化石。,是比钢铁还要坚硬的头盖骨。,rampardos-fossil-head.png,
头锤化石（身体）,Rampardos fossil (body),化石,,1,展示着古代宝可梦的化石。,是比钢铁还要坚硬的头盖骨。,rampardos-fossil-body.png,
头锤化石（尾巴）,Rampardos fossil (tail),化石,,1,展示着古代宝可梦的化石。,是比钢铁还要坚硬的头盖骨。,rampardos-fossil-tail.png,
盾甲化石,Shieldon fossil,化石,,1,展示着古代宝可梦的化石。,是犹如盾牌般坚固的领饰。,shieldon-fossil.png,
护盾化石（头）,Bastiodon fossil (head),化石,,1,展示着古代宝可梦的化石。,是犹如防护墙般坚固的领饰。,bastiodon-fossil-head.png,
护盾化石（身体）,Bastiodon fossil (body),化石,,1,展示着古代宝可梦的化石。,是犹如防护墙般坚固的领饰。,bastiodon-fossil-body.png,
护盾化石（尾巴）,Bastiodon fossil (tail),化石,,1,展示着古代宝可梦的化石。,是犹如防护墙般坚固的领饰。,bastiodon-fossil-tail.png,
颚之化石,Tyrunt fossil,化石,,1,展示着古代宝可梦的化石。,是能咬碎任何东西的下颚的一部分。,tyrunt-fossil.png,
暴君化石（头）,Tyrantrum fossil (head),化石,,1,展示着古代宝可梦的化石。,是大地王者气派的骨架。,tyrantrum-fossil-head.png,
暴君化石（身体）,Tyrantrum fossil (body),化石,,1,展示着古代宝可梦的化石。,是大地王者气派的骨架。,tyrantrum-fossil-body.png,
暴君化石（脚）,Tyrantrum fossil (feet),化石,,1,展示着古代宝可梦的化石。,是大地王者气派的骨架。,tyrantrum-fossil-feet.png,
暴君化石（尾巴）,Tyrantrum fossil (tail),化石,,1,展示着古代宝可梦的化石。,是大地王者气派的骨架。,tyrantrum-fossil-tail.png,
鳍之化石,Amaura fossil,化石,,1,展示着古代宝可梦的化石。,是被冰封的颈鳍的一部分。,amaura-fossil.png,
冻原化石（头）,Aurorus fossil (head),化石,,1,展示着古代宝可梦的化石。,是犹如极光般美丽的颈鳍。,aurorus-fossil-head.png,
冻原化石（身体）,Aurorus fossil (body),化石,,1,展示着古代宝可梦的化石。,是犹如极光般美丽的颈鳍。,aurorus-fossil-body.png,
冻原化石（尾巴）,Aurorus fossil (tail),化石,,1,展示着古代宝可梦的化石。,是犹如极光般美丽的颈鳍。,aurorus-fossil-tail.png,
冰淇淋汽水,Ice cream soda,素材,伊布的夥伴喜歡的東西。準備好桌子和椅子吧。,1,透明的蓝色冰淇淋汽水。,看着它就像在看海中的景色。,ice-cream-soda.png,
炸薯饼,Hash brown,素材,伊布的夥伴喜歡的東西。準備好桌子和椅子吧。,1,炸得酥酥脆脆的星形薯饼。,好吃到军身发麻。,hash-brown.png,
比萨,Pizza,素材,伊布的夥伴喜歡的東西。準備好桌子和椅子吧。,1,涂满辣酱的圆形比萨。,辣得感觉能喷火。,pizza.png,✓
下午茶套组,Afternoon tea set,素材,伊布的夥伴喜歡的東西。準備好桌子和椅子吧。,1,午后时分的下午茶坐在椅子上品尝，享受优雅的氛围。,,afternoon-tea-set.png,✓
巧克力饼干,Chocolate cookie,素材,伊布的夥伴喜歡的東西。準備好桌子和椅子吧。,1,由黑巧克力制成的饼一不太甜，但感觉有种温柔的味道。,,chocolate-cookie.png,
三明治,Sandwich,素材,伊布的夥伴喜歡的東西。準備好桌子和椅子吧。,1,吃了全是蔬菜的三明治，好像身体就会焕发出活力。,,sandwich.png,
刨冰,Shaved ice,素材,伊布的夥伴喜歡的東西。準備好桌子和椅子吧。,1,搭配了冰块的创冰。,吃下去会军身冰凉，快要冻僵。,shaved-ice.png,✓
缎带蛋糕,Ribbon cake,素材,伊布的夥伴喜歡的東西。準備好桌子和椅子吧。,1,大大的蝴蝶结配上心形装饰非常可爱，味道甜美至极。,,ribbon-cake.png,✓
